N,count,known_count,verified,median_elapsed_s,min_elapsed_s,p10_elapsed_s,p90_elapsed_s,peak_rss_bytes,threads,split_depth,tasks,recursive_nodes,candidate_placements,metrics_elapsed_s,repeats,warmup,algorithm_class,peak_sparse_support,local_tensor_entries_examined,local_tensor_entries_accepted
8,92,92,true,0.000002200,0.000002200,0.000002200,0.000002300,5173248,1,1,4,983,1028,0.000006600,9,2,conventional_dfs_comparator,NA,NA,NA
9,352,352,true,0.000010600,0.000010500,0.000010500,0.000010600,5189632,1,1,5,4501,4703,0.000027000,9,2,conventional_dfs_comparator,NA,NA,NA
10,724,724,true,0.000041500,0.000041200,0.000041200,0.000043000,5193728,1,1,5,17408,17769,0.000108600,9,2,conventional_dfs_comparator,NA,NA,NA
11,2680,2680,true,0.000442300,0.000439100,0.000439100,0.000457800,5193728,1,1,6,89878,91392,0.000548700,9,2,conventional_dfs_comparator,NA,NA,NA
12,14200,14200,true,0.002170000,0.002162000,0.002162000,0.002200600,5193728,1,1,6,420995,428094,0.002463400,9,2,conventional_dfs_comparator,NA,NA,NA
13,73712,73712,true,0.012908800,0.012886500,0.012886500,0.012947100,5193728,1,1,7,2490838,2531728,0.014459500,9,2,conventional_dfs_comparator,NA,NA,NA
14,365596,365596,true,0.070358700,0.070186300,0.070186300,0.070945700,5193728,1,1,7,13496479,13679276,0.079011300,9,2,conventional_dfs_comparator,NA,NA,NA
15,2279184,2279184,true,0.510162200,0.472856100,0.472856100,0.531519300,5193728,1,1,8,90634738,91883698,0.626969400,9,2,conventional_dfs_comparator,NA,NA,NA
16,14772512,14772512,true,3.153447400,3.117524100,3.117524100,3.174131200,5193728,1,1,8,563208896,570595151,3.581766900,9,2,conventional_dfs_comparator,NA,NA,NA
