N,selected_row,support,left_patterns,right_patterns,rank_p1000000007,rank_p1000000009,rank_support_ratio,peak_elimination_row_nnz_p1,peak_elimination_row_nnz_p2,elapsed_s,peak_rss_bytes,tensor_entries_examined,tensor_entries_matched,row_operator_candidates,row_operator_matched
5,3,8,8,8,8,8,1.000000000,1,1,0.000048600,5373952,17,17,125,32
6,4,22,20,19,17,17,0.772727273,2,2,0.000040800,5406720,17,17,420,78
7,5,86,53,73,51,51,0.593023256,4,4,0.000165900,5423104,17,17,1925,309
8,5,272,203,191,163,163,0.599264706,5,5,0.000518600,5488640,17,17,7272,1005
9,6,1210,426,806,396,396,0.327272727,14,14,0.001492700,5656576,17,17,37260,4540
10,7,4510,1777,1778,1370,1370,0.303769401,42,46,0.004779900,6602752,17,17,159580,17119
11,8,22253,2767,8719,2484,2484,0.111625399,491,491,0.021282900,9109504,17,17,888668,87160
12,9,98939,12713,13905,8334,8334,0.084233720,1455,1455,1.330207500,35700736,17,17,4444872,403508
13,9,541745,22872,97180,20443,20443,0.037735466,9600,9609,11.016729300,258863104,17,17,27346943,2334177
