N,count,known_count,verified,elapsed_s,peak_rss_bytes,peak_live_nodes,peak_boundary_nodes,peak_relation_nodes,allocated_nodes,terminal_count,tensor_entries_examined,tensor_entries_accepted,unique_lookups,unique_hits,apply_lookups,apply_hits,relprod_lookups,relprod_hits
1,1,1,true,0.000054600,5394432,11,5,8,35,2,34,18,89,56,5,1,6,0
2,0,0,true,0.000102600,5451776,57,8,34,229,3,102,51,417,191,175,28,23,0
3,0,0,true,0.000238400,5541888,177,20,106,692,3,170,85,1051,362,675,138,94,0
4,2,2,true,0.000504400,5656576,308,28,190,1218,3,238,118,1762,547,1194,255,276,6
5,10,10,true,0.000941400,5902336,478,83,274,2226,7,306,152,2996,777,1931,405,1109,39
6,4,4,true,0.001323200,6057984,607,158,358,3166,4,374,185,4231,1069,2522,525,2508,119
7,40,40,true,0.003278800,6950912,998,558,442,7001,16,442,219,8797,1812,3903,689,9325,502
8,92,92,true,0.006547000,8564736,1757,1232,526,13657,18,510,252,16786,3147,6274,883,21949,1609
9,352,352,true,0.025329600,15872000,5029,4421,610,46089,48,578,286,55165,9124,17353,1506,86630,7554
